{
  "best_depth": 5,
  "f1_val_map": {
    "3": 0.72265625,
    "5": 0.7350096711798839,
    "7": 0.7272727272727273,
    "9": 0.7313432835820896
  },
  "test_metrics": {
    "accuracy": 0.8632768361581921,
    "f1_binary": 0.7827648114901257,
    "f1_macro": 0.8415060660913118
  }
}